,avg_d_mbps,avg_u_mbps,tests,devices,long,lat,location
93,108.841,40.7,57,12,144.341125488281,-38.175591822830505,POINT (144.341125488281 -38.1755918228305)
769,147.981,22.226,44,11,149.235534667969,-35.36889534403175,POINT (149.235534667969 -35.36889534403175)
1518,107.849,30.202,63,6,143.8632202148435,-37.5772357592942,POINT (143.8632202148435 -37.5772357592942)
1926,122.392,28.278,56,12,144.379577636719,-38.1669547358861,POINT (144.379577636719 -38.1669547358861)
2106,110.708,31.25,61,19,144.3466186523435,-38.13239615404856,POINT (144.3466186523435 -38.13239615404856)
2350,107.211,18.856,95,28,150.9164428710935,-33.68549634250975,POINT (150.9164428710935 -33.68549634250975)
2550,103.326,26.935,166,21,144.319152832031,-38.12375395045035,POINT (144.319152832031 -38.12375395045035)
3092,142.536,20.985,73,13,151.58660888671898,-32.9141796317638,POINT (151.586608886719 -32.9141796317638)
3279,100.07,24.355,69,21,145.258483886719,-37.981009937005254,POINT (145.258483886719 -37.98100993700525)
3359,109.505,32.062,41,14,144.34112548828102,-38.08052758740255,POINT (144.341125488281 -38.08052758740255)
3390,150.971,29.57,18,8,144.3301391601565,-38.102143965537294,POINT (144.3301391601565 -38.10214396553729)
3702,107.35,22.036,64,17,152.9818725585935,-27.23753663980185,POINT (152.9818725585935 -27.23753663980185)
4267,164.267,27.955,82,18,144.3301391601565,-38.17127340729815,POINT (144.3301391601565 -38.17127340729815)
5152,163.435,35.545,59,19,144.3301391601565,-38.093498181403646,POINT (144.3301391601565 -38.09349818140365)
5599,123.446,34.811,52,8,151.98211669921898,-27.569156145893004,POINT (151.982116699219 -27.569156145893)
5789,126.472,23.763,10,4,144.3521118164065,-38.0891749057672,POINT (144.3521118164065 -38.0891749057672)
5961,125.743,31.726,11,4,144.32464599609352,-38.162635808603746,POINT (144.3246459960935 -38.16263580860375)
6107,157.197,32.476,37,8,143.83575439453097,-37.59029513870115,POINT (143.835754394531 -37.59029513870115)
6215,115.865,165.987,13,8,145.220031738281,-37.916034307845145,POINT (145.220031738281 -37.91603430784514)
6669,114.619,16.226,3,3,144.319152832031,-38.11511072374749,POINT (144.319152832031 -38.11511072374749)
7381,141.892,28.726,102,34,145.0991821289065,-37.642509742612695,POINT (145.0991821289065 -37.6425097426127)
7476,107.101,26.332,66,23,144.3301391601565,-38.20581356614045,POINT (144.3301391601565 -38.20581356614045)
7533,123.45,32.709,27,6,138.5897827148435,-35.20298907461925,POINT (138.5897827148435 -35.20298907461925)
7562,106.91,16.281,24,8,115.6942749023435,-32.55838858362275,POINT (115.6942749023435 -32.55838858362275)
7642,122.854,33.366,72,21,144.33013916015653,-38.1151107237475,POINT (144.3301391601565 -38.1151107237475)
8063,106.873,31.592,9,6,144.36859130859347,-38.1842278862188,POINT (144.3685913085935 -38.1842278862188)
8286,107.364,28.073,326,33,144.3466186523435,-38.15399718646586,POINT (144.3466186523435 -38.15399718646586)
8373,144.521,30.109,60,10,144.34112548828097,-38.149677491629,POINT (144.341125488281 -38.149677491629)
8482,154.693,33.528,63,5,146.554870605469,-38.179909982473845,POINT (146.554870605469 -38.17990998247384)
8582,114.326,23.402,248,30,150.8505249023435,-33.7220552182895,POINT (150.8505249023435 -33.7220552182895)
8612,108.401,21.655,4,4,115.7601928710935,-32.0290347891368,POINT (115.7601928710935 -32.0290347891368)
8733,104.946,25.584,21,15,143.8467407226565,-37.551110128299406,POINT (143.8467407226565 -37.55111012829941)
8773,116.694,28.319,163,24,144.3246459960935,-38.1151107237475,POINT (144.3246459960935 -38.1151107237475)
9009,119.893,26.987,55,15,144.3521118164065,-38.12375395045036,POINT (144.3521118164065 -38.12375395045036)
9129,109.775,54.641,67,15,145.1431274414065,-38.00265570861804,POINT (145.1431274414065 -38.00265570861804)
9184,110.397,86.553,8,5,150.91094970703102,-33.68549634250975,POINT (150.910949707031 -33.68549634250975)
9269,144.346,25.13,84,22,144.357604980469,-38.240337343900954,POINT (144.357604980469 -38.24033734390095)
9303,108.58,15.462,7,3,146.780090332031,-19.298182570331598,POINT (146.780090332031 -19.2981825703316)
9330,106.4,24.476,144,29,144.335632324219,-38.149677491629,POINT (144.335632324219 -38.149677491629)
9352,114.189,21.174,17,6,130.9927368164065,-12.508984017147897,POINT (130.9927368164065 -12.5089840171479)
10108,101.013,29.533,11,5,143.8247680664065,-37.559819689969345,POINT (143.8247680664065 -37.55981968996934)
10254,119.239,25.172,153,16,150.471496582031,-34.449953584661955,POINT (150.471496582031 -34.44995358466196)
10260,136.197,22.938,18,9,151.1361694335935,-33.7905611549459,POINT (151.1361694335935 -33.7905611549459)
10755,211.825,25.968,5,2,144.3740844726565,-38.0718792463122,POINT (144.3740844726565 -38.0718792463122)
10863,139.629,17.524,252,6,144.5443725585935,-38.257593088387154,POINT (144.5443725585935 -38.25759308838715)
11245,107.101,26.572,88,19,151.5316772460935,-32.76649092999125,POINT (151.5316772460935 -32.76649092999125)
11276,115.692,23.59,26,13,151.125183105469,-33.7768643475017,POINT (151.125183105469 -33.7768643475017)
11316,114.99,24.829,51,16,138.5018920898435,-35.1670727710308,POINT (138.5018920898435 -35.1670727710308)
11424,126.563,28.521,59,21,144.3246459960935,-38.13239615404856,POINT (144.3246459960935 -38.13239615404856)
11638,112.024,25.993,34,7,143.808288574219,-37.5206186470691,POINT (143.808288574219 -37.5206186470691)
11984,136.798,31.673,60,19,150.76812744140648,-34.4907116201554,POINT (150.7681274414065 -34.4907116201554)
12131,128.626,30.062,84,13,144.3246459960935,-38.1669547358861,POINT (144.3246459960935 -38.1669547358861)
12411,110.902,108.972,575,26,151.125183105469,-33.781430193379656,POINT (151.125183105469 -33.78143019337966)
12447,117.063,21.46,73,11,144.401550292969,-38.16263580860375,POINT (144.401550292969 -38.16263580860375)
12570,112.21,31.901,9,4,145.1596069335935,-38.149677491629,POINT (145.1596069335935 -38.149677491629)
12663,152.489,32.917,61,14,144.42352294921898,-38.0242950924993,POINT (144.423522949219 -38.0242950924993)
12669,125.541,20.549,307,10,150.795593261719,-33.9456384224676,POINT (150.795593261719 -33.9456384224676)
13123,120.809,30.45,33,15,144.3521118164065,-38.17990998247385,POINT (144.3521118164065 -38.17990998247385)
13615,145.49,28.304,237,44,144.3740844726565,-38.15831662546056,POINT (144.3740844726565 -38.15831662546056)
13697,130.02,44.484,16,6,143.8412475585935,-37.555465036376454,POINT (143.8412475585935 -37.55546503637645)
13758,103.383,27.876,56,17,144.341125488281,-38.179909982473845,POINT (144.341125488281 -38.17990998247384)
14069,116.849,53.476,14,2,115.600891113281,-31.487235552695996,POINT (115.600891113281 -31.487235552696)
14109,117.376,102.644,26,12,145.0277709960935,-37.96368872135775,POINT (145.0277709960935 -37.96368872135775)
14382,144.153,24.079,292,29,145.258483886719,-38.09782120133019,POINT (145.258483886719 -38.09782120133019)
14558,112.188,21.756,50,5,150.7022094726565,-33.708347463296654,POINT (150.7022094726565 -33.70834746329665)
14697,167.242,29.131,31,8,153.1631469726565,-28.011376544465847,POINT (153.1631469726565 -28.01137654446585)
15018,110.008,27.4,89,17,144.379577636719,-38.15831662546055,POINT (144.379577636719 -38.15831662546055)
15101,141.886,34.164,36,11,144.357604980469,-38.1194324649823,POINT (144.357604980469 -38.1194324649823)
15800,117.496,29.162,94,14,144.33013916015648,-38.10646647401555,POINT (144.3301391601565 -38.10646647401555)
15855,104.42,20.034,80,21,150.845031738281,-34.0230713370833,POINT (150.845031738281 -34.0230713370833)
15879,122.572,21.333,14,8,138.4634399414065,-35.274774044000594,POINT (138.4634399414065 -35.27477404400059)
16122,101.138,22.526,15,7,144.35211181640648,-38.0718792463122,POINT (144.3521118164065 -38.0718792463122)
16142,116.432,97.348,83,36,145.0057983398435,-37.92903403040751,POINT (145.0057983398435 -37.92903403040751)
16283,100.341,29.255,73,17,144.32464599609352,-38.102143965537294,POINT (144.3246459960935 -38.10214396553729)
16348,130.568,26.701,85,19,144.39056396484347,-38.175591822830505,POINT (144.3905639648435 -38.1755918228305)
16845,124.543,27.075,15,3,143.8247680664065,-37.5815891403123,POINT (143.8247680664065 -37.5815891403123)
16898,103.534,33.058,77,13,144.3301391601565,-38.13239615404856,POINT (144.3301391601565 -38.13239615404856)
17109,140.279,15.459,101,33,145.1870727539065,-38.36534864420214,POINT (145.1870727539065 -38.36534864420214)
17449,101.982,34.947,8,4,151.454772949219,-33.378705891143504,POINT (151.454772949219 -33.3787058911435)
17463,151.288,29.695,15,8,144.385070800781,-38.16263580860375,POINT (144.385070800781 -38.16263580860375)
17566,117.891,26.119,35,9,138.754577636719,-34.608345176542,POINT (138.754577636719 -34.608345176542)
17754,227.676,22.062,1,1,142.753601074219,-37.0661359090817,POINT (142.753601074219 -37.0661359090817)
17891,107.45,21.923,134,19,149.1641235351565,-35.19401148690555,POINT (149.1641235351565 -35.19401148690555)
17895,102.489,14.829,117,36,145.1870727539065,-38.36965553554905,POINT (145.1870727539065 -38.36965553554905)
17972,211.437,34.008,29,8,144.3960571289065,-38.162635808603746,POINT (144.3960571289065 -38.16263580860375)
18080,120.615,24.479,10,6,149.0982055664065,-35.24786212637305,POINT (149.0982055664065 -35.24786212637305)
18133,200.212,25.659,29,6,148.04901123046898,-22.006721438697898,POINT (148.049011230469 -22.0067214386979)
18153,141.059,30.541,176,19,144.3466186523435,-38.07620354469335,POINT (144.3466186523435 -38.07620354469335)
18268,125.102,65.332,13,7,151.1196899414065,-33.71748620978615,POINT (151.1196899414065 -33.71748620978615)
18280,101.731,25.24,54,12,144.9618530273435,-37.53804387726625,POINT (144.9618530273435 -37.53804387726625)
18863,103.61,26.966,169,10,153.0532836914065,-26.7431575946634,POINT (153.0532836914065 -26.7431575946634)
18875,262.082,27.033,28,7,150.5648803710935,-34.82056793642321,POINT (150.5648803710935 -34.82056793642321)
19155,238.6,17.86,12,2,151.438293457031,-33.4933072319892,POINT (151.438293457031 -33.4933072319892)
19473,153.917,29.562,8,6,143.81927490234347,-37.524975336246705,POINT (143.8192749023435 -37.5249753362467)
19483,103.985,12.071,25,11,150.515441894531,-23.294333228205048,POINT (150.515441894531 -23.29433322820505)
19800,111.785,27.059,125,40,144.341125488281,-38.136716872159795,POINT (144.341125488281 -38.13671687215979)
20246,131.142,26.875,43,15,143.83575439453102,-37.52933177101229,POINT (143.835754394531 -37.52933177101229)
20355,123.69,116.788,42,19,115.7437133789065,-32.284810662658444,POINT (115.7437133789065 -32.28481066265844)
20399,189.399,37.504,28,4,117.14447021484348,-20.68675327750785,POINT (117.1444702148435 -20.68675327750785)
20413,108.077,34.037,4,3,146.033020019531,-36.01133887317735,POINT (146.033020019531 -36.01133887317735)
20538,104.22,22.022,93,12,143.852233886719,-37.5728821237406,POINT (143.852233886719 -37.5728821237406)
20802,113.862,26.143,71,19,144.385070800781,-38.175591822830505,POINT (144.385070800781 -38.1755918228305)
20819,102.848,34.049,53,8,144.357604980469,-38.12375395045035,POINT (144.357604980469 -38.12375395045035)
20890,104.742,30.748,78,30,144.3246459960935,-38.128075180142254,POINT (144.3246459960935 -38.12807518014225)
20922,109.416,23.985,83,22,143.8632202148435,-37.568528233661695,POINT (143.8632202148435 -37.5685282336617)
20978,153.551,30.853,35,17,144.385070800781,-38.15831662546055,POINT (144.385070800781 -38.15831662546055)
21085,114.023,27.558,35,12,144.34112548828102,-38.17127340729815,POINT (144.341125488281 -38.17127340729815)
21173,125.575,27.659,104,24,144.319152832031,-38.16263580860375,POINT (144.319152832031 -38.16263580860375)
21228,107.854,15.23,248,10,153.300476074219,-27.642173288402503,POINT (153.300476074219 -27.6421732884025)
21262,121.46,26.134,77,12,144.357604980469,-38.08485137443035,POINT (144.357604980469 -38.08485137443035)
21273,125.981,54.225,52,9,145.23101806640648,-37.811953827307754,POINT (145.2310180664065 -37.81195382730775)
22156,116.675,27.45,167,24,144.3466186523435,-38.0718792463122,POINT (144.3466186523435 -38.0718792463122)
22443,131.813,29.04,132,15,151.35040283203097,-33.4337334231478,POINT (151.350402832031 -33.4337334231478)
22495,124.568,25.136,50,14,144.670715332031,-37.89436299739369,POINT (144.670715332031 -37.89436299739369)
22809,112.055,25.189,98,29,144.335632324219,-38.12807518014225,POINT (144.335632324219 -38.12807518014225)
22952,107.529,36.257,4,1,144.3466186523435,-38.06322988257224,POINT (144.3466186523435 -38.06322988257224)
23061,105.972,22.603,15,4,151.218566894531,-33.9456384224676,POINT (151.218566894531 -33.9456384224676)
23092,202.378,23.657,24,6,147.351379394531,-42.84576508432506,POINT (147.351379394531 -42.84576508432506)
23131,115.403,21.1,84,23,145.0277709960935,-37.759858481314545,POINT (145.0277709960935 -37.75985848131455)
23214,171.969,25.769,20,3,116.15570068359351,-31.875225245590354,POINT (116.1557006835935 -31.87522524559035)
23236,136.73,28.027,51,17,144.319152832031,-38.15831662546055,POINT (144.319152832031 -38.15831662546055)
23385,144.835,26.334,25,6,147.25799560546898,-42.833681354514304,POINT (147.257995605469 -42.8336813545143)
23568,102.166,18.021,130,27,153.1631469726565,-27.49121761132055,POINT (153.1631469726565 -27.49121761132055)
23605,142.419,18.865,35,16,148.620300292969,-32.275522307232045,POINT (148.620300292969 -32.27552230723204)
23869,126.942,111.794,14,6,153.08624267578097,-27.432727474261455,POINT (153.086242675781 -27.43272747426145)
23999,138.185,26.725,20,11,152.7456665039065,-27.666501517640345,POINT (152.7456665039065 -27.66650151764035)
24052,102.681,21.328,21,13,151.943664550781,-27.612972270737203,POINT (151.943664550781 -27.6129722707372)
24178,102.123,75.386,9,5,114.63958740234348,-28.8133933476759,POINT (114.6395874023435 -28.8133933476759)
24347,163.929,52.289,7,3,149.1421508789065,-21.18441174019495,POINT (149.1421508789065 -21.18441174019495)
24445,115.381,32.084,25,8,144.36859130859347,-38.06755469226865,POINT (144.3685913085935 -38.06755469226865)
24476,130.612,30.488,123,15,144.341125488281,-38.07620354469335,POINT (144.341125488281 -38.07620354469335)
24502,124.256,27.549,11,4,153.108215332031,-27.89006677471155,POINT (153.108215332031 -27.89006677471155)
24633,180.135,35.667,10,3,152.795104980469,-27.681095856455556,POINT (152.795104980469 -27.68109585645556)
24962,136.093,30.24,64,10,144.3246459960935,-38.093498181403646,POINT (144.3246459960935 -38.09349818140365)
24994,109.428,26.089,89,21,144.3521118164065,-38.136716872159795,POINT (144.3521118164065 -38.13671687215979)
25142,158.507,17.863,23,5,146.560363769531,-38.179909982473845,POINT (146.560363769531 -38.17990998247384)
25162,110.445,28.685,14,8,143.8192749023435,-37.529331771012295,POINT (143.8192749023435 -37.52933177101229)
25444,100.373,14.309,13,5,145.763854980469,-17.085665852073397,POINT (145.763854980469 -17.0856658520734)
25624,106.151,21.523,77,9,145.0772094726565,-38.223077502954,POINT (145.0772094726565 -38.223077502954)
25866,116.738,19.912,31,9,145.132141113281,-38.149677491629,POINT (145.132141113281 -38.149677491629)
25982,102.284,26.606,60,17,153.020324707031,-27.364449790810806,POINT (153.020324707031 -27.36444979081081)
26286,137.63,21.309,31,6,144.71466064453102,-37.62945952924325,POINT (144.714660644531 -37.62945952924325)
26599,114.564,4.233,5,1,144.868469238281,-37.820632814320454,POINT (144.868469238281 -37.82063281432045)
26695,108.125,19.191,19,5,150.90545654296903,-34.35930894412245,POINT (150.905456542969 -34.35930894412245)
26881,125.362,26.619,69,19,144.3905639648435,-38.17127340729815,POINT (144.3905639648435 -38.17127340729815)
26934,134.374,119.329,11,7,138.5897827148435,-34.93773357255971,POINT (138.5897827148435 -34.93773357255971)
26985,106.581,17.608,36,9,153.03131103515653,-27.442477985121993,POINT (153.0313110351565 -27.44247798512199)
27268,137.216,20.046,9,3,115.97991943359348,-32.047660861000246,POINT (115.9799194335935 -32.04766086100025)
27590,107.617,26.598,20,9,144.35760498046903,-38.06755469226865,POINT (144.357604980469 -38.06755469226865)
27597,122.06,29.343,86,12,144.319152832031,-38.13239615404855,POINT (144.319152832031 -38.13239615404855)
27650,186.362,26.648,8,5,130.98175048828097,-12.47144191786215,POINT (130.981750488281 -12.47144191786215)
28152,104.444,4.779,10,1,153.4432983398435,-28.15676808319535,POINT (153.4432983398435 -28.15676808319535)
28260,104.299,19.056,13,9,144.59381103515648,-37.67295132590225,POINT (144.5938110351565 -37.67295132590225)
28338,115.897,14.631,12,5,146.4999389648435,-38.17990998247385,POINT (146.4999389648435 -38.17990998247385)
28378,187.224,30.334,15,5,144.357604980469,-38.09349818140365,POINT (144.357604980469 -38.09349818140365)
28418,119.215,25.184,30,12,144.357604980469,-38.0718792463122,POINT (144.357604980469 -38.0718792463122)
28579,153.655,25.182,127,10,151.5151977539065,-32.808053208887955,POINT (151.5151977539065 -32.80805320888796)
28650,107.64,53.257,12,5,153.0313110351565,-27.44735291746555,POINT (153.0313110351565 -27.44735291746555)
28651,116.694,22.091,45,12,144.753112792969,-37.7381412503466,POINT (144.753112792969 -37.7381412503466)
28681,123.93,22.043,38,8,150.9219360351565,-33.90917500277815,POINT (150.9219360351565 -33.90917500277815)
28700,112.749,8.872,2,2,151.5756225585935,-32.74801257363245,POINT (151.5756225585935 -32.74801257363245)
28724,133.96,22.519,8,4,130.8554077148435,-12.423165511179247,POINT (130.8554077148435 -12.42316551117925)
28877,101.598,25.578,67,14,153.080749511719,-30.356286396542902,POINT (153.080749511719 -30.3562863965429)
28898,101.754,22.022,71,20,144.341125488281,-38.240337343900954,POINT (144.341125488281 -38.24033734390095)
28940,134.972,23.748,45,20,144.709167480469,-37.963688721357755,POINT (144.709167480469 -37.96368872135776)
28978,159.089,26.211,24,13,145.763854980469,-17.0909165098767,POINT (145.763854980469 -17.0909165098767)
29123,130.905,75.424,11,4,149.718933105469,-34.72581230845725,POINT (149.718933105469 -34.72581230845725)
29277,106.367,21.496,125,23,145.170593261719,-37.781569338273,POINT (145.170593261719 -37.781569338273)
29504,106.028,23.289,82,12,144.313659667969,-38.179909982473845,POINT (144.313659667969 -38.17990998247384)
29601,115.434,21.081,39,13,143.83575439453097,-37.61205567958565,POINT (143.835754394531 -37.61205567958565)
29907,115.445,26.009,21,7,144.3960571289065,-38.17127340729815,POINT (144.3960571289065 -38.17127340729815)
29959,117.989,21.357,114,12,143.830261230469,-37.5859422667847,POINT (143.830261230469 -37.5859422667847)
30257,135.533,24.885,17,4,150.80108642578102,-33.64434901409545,POINT (150.801086425781 -33.64434901409545)
30776,135.267,30.029,80,20,144.3246459960935,-38.1194324649823,POINT (144.3246459960935 -38.1194324649823)
30835,101.351,84.713,13,10,151.020812988281,-33.831638430697,POINT (151.020812988281 -33.831638430697)
30887,124.27,90.157,32,9,145.3628540039065,-38.045928087448445,POINT (145.3628540039065 -38.04592808744844)
30956,145.005,129.665,15,5,153.080749511719,-27.457102135850498,POINT (153.080749511719 -27.4571021358505)
30989,140.785,16.408,8,8,130.866394042969,-12.385610997048552,POINT (130.866394042969 -12.38561099704855)
30995,179.665,28.94,68,6,115.96343994140649,-32.182586466862546,POINT (115.9634399414065 -32.18258646686255)
31036,104.489,25.446,70,22,145.060729980469,-37.642509742612695,POINT (145.060729980469 -37.6425097426127)
31171,132.704,22.458,26,6,130.910339355469,-12.390976258993549,POINT (130.910339355469 -12.39097625899355)
31281,206.484,25.325,95,15,138.6831665039065,-34.816058231361254,POINT (138.6831665039065 -34.81605823136125)
31345,114.002,24.031,23,9,151.44378662109347,-33.3649435630475,POINT (151.4437866210935 -33.3649435630475)
31353,104.668,31.397,17,13,143.874206542969,-37.542399548733954,POINT (143.874206542969 -37.54239954873395)
31429,162.984,37.653,9,5,143.8851928710935,-37.65555766378516,POINT (143.8851928710935 -37.65555766378516)
31707,106.964,25.002,68,11,151.5975952148435,-32.75725223109865,POINT (151.5975952148435 -32.75725223109865)
31803,144.332,30.17,37,13,143.8632202148435,-37.6077040806025,POINT (143.8632202148435 -37.6077040806025)
31885,158.676,25.695,40,8,150.757141113281,-34.00941183173365,POINT (150.757141113281 -34.00941183173365)
31963,109.157,24.722,150,31,150.80108642578097,-33.991195739440954,POINT (150.801086425781 -33.99119573944095)
32022,122.756,25.197,41,8,144.341125488281,-38.12807518014225,POINT (144.341125488281 -38.12807518014225)
32135,140.753,17.108,24,5,147.2525024414065,-42.833681354514304,POINT (147.2525024414065 -42.8336813545143)
32141,183.517,112.868,35,5,150.1309204101565,-33.5024687987342,POINT (150.1309204101565 -33.5024687987342)
32315,211.868,25.788,6,2,149.0542602539065,-35.198500404793855,POINT (149.0542602539065 -35.19850040479385)
32422,166.002,20.708,28,7,150.7846069335935,-34.481655999184,POINT (150.7846069335935 -34.481655999184)
32477,110.339,4.474,1,1,153.3169555664065,-28.069556780950652,POINT (153.3169555664065 -28.06955678095065)
32491,105.991,21.914,54,12,138.4579467773435,-35.279258494645,POINT (138.4579467773435 -35.279258494645)
32585,117.749,108.421,4,4,114.612121582031,-28.774881611970297,POINT (114.612121582031 -28.7748816119703)
32832,141.876,18.441,24,8,150.905456542969,-34.3638435081577,POINT (150.905456542969 -34.3638435081577)
32853,106.115,36.669,63,16,144.3466186523435,-38.15831662546056,POINT (144.3466186523435 -38.15831662546056)
32862,104.574,27.102,18,7,130.9707641601565,-12.508984017147897,POINT (130.9707641601565 -12.5089840171479)
33267,103.731,27.217,16,8,144.4125366210935,-37.6903409118677,POINT (144.4125366210935 -37.6903409118677)
33413,101.517,25.293,17,4,144.3301391601565,-38.0891749057672,POINT (144.3301391601565 -38.0891749057672)
33492,132.191,25.907,84,9,145.4067993164065,-36.33504064067459,POINT (145.4067993164065 -36.33504064067459)
33533,115.261,25.638,26,11,144.3740844726565,-38.06755469226865,POINT (144.3740844726565 -38.06755469226865)
33633,113.581,121.845,12,4,115.6338500976565,-33.328233378886395,POINT (115.6338500976565 -33.3282333788864)
34129,197.715,30.834,6,3,144.401550292969,-38.1842278862188,POINT (144.401550292969 -38.1842278862188)
34391,114.437,23.955,25,7,144.3740844726565,-38.1669547358861,POINT (144.3740844726565 -38.1669547358861)
34393,118.403,24.073,36,2,132.278137207031,-14.463936946233702,POINT (132.278137207031 -14.4639369462337)
34601,110.457,25.254,142,33,144.34661865234347,-38.06755469226865,POINT (144.3466186523435 -38.06755469226865)
34922,117.164,86.454,29,14,151.03729248046903,-33.8954971966502,POINT (151.037292480469 -33.8954971966502)
35098,102.086,47.339,27,13,152.8720092773435,-27.632440481376854,POINT (152.8720092773435 -27.63244048137685)
35177,151.88,29.907,30,3,146.90093994140653,-36.140092795968656,POINT (146.9009399414065 -36.14009279596866)
35284,113.479,28.552,10,7,144.3301391601565,-38.12375395045036,POINT (144.3301391601565 -38.12375395045036)
35299,167.989,21.466,53,15,150.575866699219,-34.2004447289367,POINT (150.575866699219 -34.2004447289367)
35349,263.294,23.092,11,6,153.124694824219,-30.280416238008495,POINT (153.124694824219 -30.2804162380085)
35354,105.81,32.232,17,7,144.335632324219,-38.1669547358861,POINT (144.335632324219 -38.1669547358861)
35483,114.843,21.486,12,6,151.9491577148435,-27.59350059934005,POINT (151.9491577148435 -27.59350059934005)
35532,101.351,23.272,112,12,153.1411743164065,-27.685960202786745,POINT (153.1411743164065 -27.68596020278675)
35574,117.593,29.73,62,9,144.335632324219,-38.15831662546055,POINT (144.335632324219 -38.15831662546055)
35694,127.53,29.642,55,18,144.3521118164065,-38.15399718646586,POINT (144.3521118164065 -38.15399718646586)
35697,153.638,28.985,47,4,147.29095458984352,-42.98254884088625,POINT (147.2909545898435 -42.98254884088625)
35763,100.653,21.196,34,9,137.74932861328097,-32.47037781561875,POINT (137.749328613281 -32.47037781561875)
35913,100.438,27.906,18,5,143.879699707031,-37.62945952924325,POINT (143.879699707031 -37.62945952924325)
36171,127.648,25.471,17,7,138.51837158203097,-34.5857362557483,POINT (138.518371582031 -34.5857362557483)
36216,351.102,41.341,6,2,144.363098144531,-38.08485137443035,POINT (144.363098144531 -38.08485137443035)
36243,134.836,24.427,20,8,115.749206542969,-32.525973590262254,POINT (115.749206542969 -32.52597359026225)
36317,176.49,23.196,51,7,147.1206665039065,-41.4365493914532,POINT (147.1206665039065 -41.4365493914532)
36373,194.883,45.478,69,2,144.51690673828102,-37.989669012101096,POINT (144.516906738281 -37.9896690121011)
36408,100.096,29.334,43,15,144.3466186523435,-38.08052758740256,POINT (144.3466186523435 -38.08052758740256)
36493,101.955,23.461,25,8,152.81158447265653,-27.603236867531244,POINT (152.8115844726565 -27.60323686753124)
36729,188.425,7.214,1,1,144.363098144531,-38.17127340729815,POINT (144.363098144531 -38.17127340729815)
36851,174.975,32.172,35,8,150.757141113281,-34.01396524438775,POINT (150.757141113281 -34.01396524438775)
37174,103.497,26.335,85,23,153.2455444335935,-27.79778031358365,POINT (153.2455444335935 -27.79778031358365)
37206,100.985,83.93,24,9,149.065246582031,-35.4181532346035,POINT (149.065246582031 -35.4181532346035)
37258,101.443,30.764,93,9,153.130187988281,-27.666501517640345,POINT (153.130187988281 -27.66650151764035)
37853,104.697,65.561,17,6,150.839538574219,-33.954751838072546,POINT (150.839538574219 -33.95475183807255)
37872,113.727,30.132,28,11,143.83575439453102,-37.5728821237406,POINT (143.835754394531 -37.5728821237406)
37954,112.115,24.061,13,6,152.295227050781,-24.928785455890104,POINT (152.295227050781 -24.9287854558901)
38074,121.808,21.81,38,9,144.1268920898435,-36.73668303317555,POINT (144.1268920898435 -36.73668303317555)
38084,103.756,42.059,22,4,114.62860107421902,-28.8230190580883,POINT (114.628601074219 -28.8230190580883)
38111,101.342,22.063,17,2,152.663269042969,-27.442477985121997,POINT (152.663269042969 -27.442477985122)
38216,107.153,139.862,6,2,150.9164428710935,-33.8270752630021,POINT (150.9164428710935 -33.8270752630021)
38374,105.505,155.148,10,7,138.5733032226565,-35.009752443056804,POINT (138.5733032226565 -35.0097524430568)
38388,167.301,26.372,24,7,145.066223144531,-37.616407023951496,POINT (145.066223144531 -37.6164070239515)
38414,121.108,21.876,10,5,146.802062988281,-19.30336699924185,POINT (146.802062988281 -19.30336699924185)
38723,125.034,88.356,5,2,150.8340454101565,-34.032176452857755,POINT (150.8340454101565 -34.03217645285775)
39091,209.934,26.83,8,4,138.6117553710935,-34.9107101745992,POINT (138.6117553710935 -34.9107101745992)
39171,104.723,23.54,49,10,153.10272216796903,-30.3088744318919,POINT (153.102722167969 -30.3088744318919)
39209,127.415,25.326,27,10,143.8467407226565,-37.546754965748455,POINT (143.8467407226565 -37.54675496574846)
39233,122.789,25.667,24,6,148.620300292969,-32.270877772848095,POINT (148.620300292969 -32.2708777728481)
39298,101.267,19.903,35,9,143.8412475585935,-37.6077040806025,POINT (143.8412475585935 -37.6077040806025)
39320,233.13,36.309,20,5,144.3685913085935,-38.17990998247385,POINT (144.3685913085935 -38.17990998247385)
39418,100.858,26.756,70,26,144.335632324219,-38.145357540959395,POINT (144.335632324219 -38.1453575409594)
39431,115.448,32.343,41,15,144.33013916015648,-38.128075180142254,POINT (144.3301391601565 -38.12807518014225)
39610,120.486,26.446,36,2,152.910461425781,-26.409090594589696,POINT (152.910461425781 -26.4090905945897)
39622,132.914,18.491,6,3,138.732604980469,-34.635467757048346,POINT (138.732604980469 -34.63546775704835)
39806,106.799,4.703,14,2,151.103210449219,-33.67178275326876,POINT (151.103210449219 -33.67178275326876)
39816,105.193,21.411,55,14,115.8096313476565,-32.1267793712436,POINT (115.8096313476565 -32.1267793712436)
39911,127.41,33.43,40,8,144.335632324219,-38.12375395045035,POINT (144.335632324219 -38.12375395045035)
39993,112.781,20.025,42,7,152.9598999023435,-27.1300354147625,POINT (152.9598999023435 -27.1300354147625)
40013,103.892,21.09,93,17,138.48541259765653,-35.18054324500174,POINT (138.4854125976565 -35.18054324500174)
40086,142.942,32.394,8,4,151.1416625976565,-33.7996911428192,POINT (151.1416625976565 -33.7996911428192)
40210,107.098,26.915,32,15,144.385070800781,-38.1842278862188,POINT (144.385070800781 -38.1842278862188)
40228,113.459,23.819,96,28,145.0552368164065,-37.6772991045581,POINT (145.0552368164065 -37.6772991045581)
40290,151.595,20.988,25,7,145.1815795898435,-38.1669547358861,POINT (145.1815795898435 -38.1669547358861)
40521,146.554,18.939,16,6,146.78009033203097,-19.277443212361053,POINT (146.780090332031 -19.27744321236105)
40538,120.866,93.298,3,3,115.88653564453101,-31.865895182279846,POINT (115.886535644531 -31.86589518227985)
40609,101.441,28.337,72,18,144.3246459960935,-38.12375395045036,POINT (144.3246459960935 -38.12375395045036)
40656,111.815,21.027,4,3,145.110168457031,-38.00265570861805,POINT (145.110168457031 -38.00265570861805)
41153,147.159,36.277,20,9,144.3466186523435,-38.0891749057672,POINT (144.3466186523435 -38.0891749057672)
41212,115.401,18.004,17,5,143.852233886719,-37.542399548733954,POINT (143.852233886719 -37.54239954873395)
41419,160.823,32.645,8,4,143.830261230469,-37.5685282336617,POINT (143.830261230469 -37.5685282336617)
41545,106.857,18.888,39,10,130.9652709960935,-12.471441917862151,POINT (130.9652709960935 -12.47144191786215)
41571,156.249,22.425,15,9,153.1137084960935,-30.2851598437578,POINT (153.1137084960935 -30.2851598437578)
41594,160.307,22.089,11,7,143.8467407226565,-37.53804387726625,POINT (143.8467407226565 -37.53804387726625)
41598,112.05,19.881,15,8,153.481750488281,-28.5531635229721,POINT (153.481750488281 -28.5531635229721)
41609,157.107,27.864,33,6,152.94342041015653,-27.74431545051675,POINT (152.9434204101565 -27.74431545051675)
41675,311.508,28.207,25,4,115.7437133789065,-32.53986716315984,POINT (115.7437133789065 -32.53986716315984)
41690,161.661,26.995,67,12,144.3301391601565,-38.15831662546056,POINT (144.3301391601565 -38.15831662546056)
41742,169.55,35.039,17,8,144.363098144531,-38.09782120133019,POINT (144.363098144531 -38.09782120133019)
41944,141.817,138.992,2,2,144.91790771484347,-37.82931078093515,POINT (144.9179077148435 -37.82931078093515)
42064,142.823,30.331,70,19,143.84124755859347,-37.5728821237406,POINT (143.8412475585935 -37.5728821237406)
42067,101.778,30.838,32,11,144.3246459960935,-38.15831662546056,POINT (144.3246459960935 -38.15831662546056)
42293,194.155,25.895,4,3,145.1156616210935,-38.00265570861804,POINT (145.1156616210935 -38.00265570861804)
42328,112.631,30.113,26,7,143.857727050781,-37.546754965748455,POINT (143.857727050781 -37.54675496574846)
42416,152.453,21.572,7,5,151.4657592773435,-33.369531247672796,POINT (151.4657592773435 -33.3695312476728)
42518,138.395,25.978,17,7,143.901672363281,-37.551110128299406,POINT (143.901672363281 -37.55111012829941)
42554,100.688,24.427,69,18,144.89593505859352,-37.69468767138464,POINT (144.8959350585935 -37.69468767138464)
42568,205.691,32.17,24,3,150.60882568359347,-34.16409077298415,POINT (150.6088256835935 -34.16409077298415)
42743,145.897,30.131,71,9,151.4712524414065,-33.27313909281725,POINT (151.4712524414065 -33.27313909281725)
42762,102.633,26.171,42,8,143.8687133789065,-37.555465036376454,POINT (143.8687133789065 -37.55546503637645)
42763,175.96,33.232,7,2,152.85552978515648,-27.6713665138569,POINT (152.8555297851565 -27.6713665138569)
42866,112.159,18.453,4,3,153.0917358398435,-27.71514172962005,POINT (153.0917358398435 -27.71514172962005)
42896,119.531,39.178,65,7,144.9398803710935,-37.8466636526543,POINT (144.9398803710935 -37.8466636526543)
42897,120.108,25.445,24,8,115.74371337890649,-32.488913558654055,POINT (115.7437133789065 -32.48891355865405)
42912,133.006,40.922,4,2,149.153137207031,-21.17416748962175,POINT (149.153137207031 -21.17416748962175)
42942,135.215,29.017,11,7,144.335632324219,-38.09349818140365,POINT (144.335632324219 -38.09349818140365)
43230,190.711,29.259,45,4,153.036804199219,-27.23265246864035,POINT (153.036804199219 -27.23265246864035)
43566,105.003,32.138,148,27,144.3521118164065,-38.141037334466546,POINT (144.3521118164065 -38.14103733446655)
43572,355.203,223.228,4,3,148.24127197265653,-20.01722610566215,POINT (148.2412719726565 -20.01722610566215)
43582,116.425,126.299,9,8,145.066223144531,-37.94203145486691,POINT (145.066223144531 -37.94203145486691)
43637,103.575,22.049,39,7,145.44525146484352,-38.08052758740256,POINT (145.4452514648435 -38.08052758740256)
43729,134.396,27.353,35,8,143.8192749023435,-37.5336879513556,POINT (143.8192749023435 -37.5336879513556)
43851,118.955,26.214,20,8,153.0038452148435,-27.232652468640346,POINT (153.0038452148435 -27.23265246864035)
44034,105.383,22.605,23,12,146.5493774414065,-38.1842278862188,POINT (146.5493774414065 -38.1842278862188)
44087,124.768,27.311,23,5,143.8906860351565,-37.65555766378516,POINT (143.8906860351565 -37.65555766378516)
44102,106.246,23.035,54,7,148.6093139648435,-32.23835937601925,POINT (148.6093139648435 -32.23835937601925)
44172,100.216,105.672,22,7,138.5678100585935,-34.9107101745992,POINT (138.5678100585935 -34.9107101745992)
44375,128.009,36.395,29,6,145.2310180664065,-38.128075180142254,POINT (145.2310180664065 -38.12807518014225)
44387,135.984,18.783,24,13,151.9546508789065,-27.569156145893004,POINT (151.9546508789065 -27.569156145893)
44795,113.454,26.224,46,8,115.98541259765652,-32.16398789857376,POINT (115.9854125976565 -32.16398789857376)
44894,128.307,27.303,38,12,143.84124755859347,-37.5772357592942,POINT (143.8412475585935 -37.5772357592942)
44896,136.813,56.039,605,37,150.8999633789065,-33.703777725342796,POINT (150.8999633789065 -33.7037777253428)
45006,161.71,33.038,9,7,144.3521118164065,-38.162635808603746,POINT (144.3521118164065 -38.16263580860375)
45770,111.657,5.339,2,1,115.990905761719,-31.814562954693848,POINT (115.990905761719 -31.81456295469385)
45974,100.316,18.888,12,6,143.8467407226565,-37.5772357592942,POINT (143.8467407226565 -37.5772357592942)
46009,132.807,31.3,13,8,152.822570800781,-25.311752656132697,POINT (152.822570800781 -25.3117526561327)
46014,104.144,20.531,28,9,144.8080444335935,-38.3782685493214,POINT (144.8080444335935 -38.3782685493214)
46120,110.225,110.391,18,7,139.485168457031,-20.732997190999953,POINT (139.485168457031 -20.73299719099995)
46134,209.055,29.545,5,3,143.852233886719,-37.5859422667847,POINT (143.852233886719 -37.5859422667847)
46180,102.175,37.404,1,1,149.14215087890653,-35.306159983501644,POINT (149.1421508789065 -35.30615998350164)
46435,201.771,23.333,27,6,137.7822875976565,-32.488913558654055,POINT (137.7822875976565 -32.48891355865405)
46629,118.631,47.162,4,3,145.214538574219,-38.028622202642055,POINT (145.214538574219 -38.02862220264205)
46801,224.433,36.331,33,4,150.8065795898435,-33.936524031009455,POINT (150.8065795898435 -33.93652403100945)
46829,101.58,83.344,9,2,146.9393920898435,-36.05131954370265,POINT (146.9393920898435 -36.05131954370265)
46878,184.219,160.182,1,1,153.080749511719,-27.6470393672526,POINT (153.080749511719 -27.6470393672526)
46993,108.337,26.339,15,6,143.830261230469,-37.56417408906785,POINT (143.830261230469 -37.56417408906785)
47006,239.292,229.719,2,2,144.797058105469,-37.824971925182496,POINT (144.797058105469 -37.8249719251825)
47027,110.397,34.597,30,2,146.69769287109347,-19.3137353641029,POINT (146.6976928710935 -19.3137353641029)
47171,130.053,47.431,7,2,146.560363769531,-38.175591822830505,POINT (146.560363769531 -38.1755918228305)
47290,129.631,26.842,48,19,144.319152832031,-38.1669547358861,POINT (144.319152832031 -38.1669547358861)
47375,122.779,28.032,18,7,143.8412475585935,-37.524975336246705,POINT (143.8412475585935 -37.5249753362467)
47448,122.787,30.142,12,6,149.2465209960935,-35.3464954493283,POINT (149.2465209960935 -35.3464954493283)
47754,172.39,25.829,41,6,144.357604980469,-38.08917490576721,POINT (144.357604980469 -38.08917490576721)
48135,149.286,27.847,7,3,144.363098144531,-38.08917490576721,POINT (144.363098144531 -38.08917490576721)
48256,137.982,24.735,4,3,143.874206542969,-37.646859304372306,POINT (143.874206542969 -37.64685930437231)
48358,145.92,36.359,19,2,143.76983642578097,-37.546754965748455,POINT (143.769836425781 -37.54675496574846)
48407,126.989,27.257,4,3,115.881042480469,-32.63243603322585,POINT (115.881042480469 -32.63243603322585)
48417,100.673,21.47,19,10,152.910461425781,-27.681095856455556,POINT (152.910461425781 -27.68109585645556)
48578,112.714,23.07,59,15,144.335632324219,-38.175591822830505,POINT (144.335632324219 -38.1755918228305)
48597,227.257,23.636,1,1,151.6030883789065,-32.75725223109865,POINT (151.6030883789065 -32.75725223109865)
48642,133.081,30.647,46,13,143.835754394531,-37.5990001188252,POINT (143.835754394531 -37.5990001188252)
48906,101.891,22.766,79,20,115.87554931640649,-31.809894972630847,POINT (115.8755493164065 -31.80989497263085)
49146,132.579,122.465,3,3,144.9179077148435,-37.8249719251825,POINT (144.9179077148435 -37.8249719251825)
49154,205.229,24.88,26,2,144.385070800781,-38.23170793544795,POINT (144.385070800781 -38.23170793544795)
49180,109.511,4.567,1,1,151.278991699219,-33.8954971966502,POINT (151.278991699219 -33.8954971966502)
49281,215.272,7.591,2,1,144.357604980469,-38.17127340729815,POINT (144.357604980469 -38.17127340729815)
49436,258.781,262.142,1,1,150.8285522460935,-33.80425577158095,POINT (150.8285522460935 -33.80425577158095)
49609,116.139,21.9,62,10,151.5371704101565,-32.692554506683706,POINT (151.5371704101565 -32.69255450668371)
49696,102.119,25.209,57,8,115.76019287109351,-32.433294880854895,POINT (115.7601928710935 -32.43329488085489)
49824,112.124,30.695,24,9,115.9854125976565,-32.15468719036294,POINT (115.9854125976565 -32.15468719036294)
49969,164.69,18.426,2,2,153.0917358398435,-27.374206327081296,POINT (153.0917358398435 -27.3742063270813)
50057,131.939,32.336,46,11,144.38507080078102,-38.1669547358861,POINT (144.385070800781 -38.1669547358861)
50086,108.145,23.182,44,4,146.598815917969,-19.3396533989209,POINT (146.598815917969 -19.3396533989209)
50091,143.41,98.41,1,1,115.87554931640649,-29.101776838289254,POINT (115.8755493164065 -29.10177683828925)
50162,113.069,31.077,17,4,144.4125366210935,-38.01996772679925,POINT (144.4125366210935 -38.01996772679925)
50343,143.278,31.758,50,14,144.3301391601565,-38.0978212013302,POINT (144.3301391601565 -38.0978212013302)
50541,152.986,29.992,100,16,144.31365966796898,-38.1669547358861,POINT (144.313659667969 -38.1669547358861)
50695,118.572,20.484,14,4,150.8120727539065,-33.630628865038304,POINT (150.8120727539065 -33.6306288650383)
50744,113.261,14.645,17,7,150.817565917969,-33.954751838072546,POINT (150.817565917969 -33.95475183807255)
50749,126.483,26.089,41,13,146.7636108398435,-19.303366999241852,POINT (146.7636108398435 -19.30336699924185)
50783,149.427,134.949,5,4,145.505676269531,-37.65120861143314,POINT (145.505676269531 -37.65120861143314)
50805,106.936,22.156,50,5,145.390319824219,-38.05457949625885,POINT (145.390319824219 -38.05457949625885)
50831,135.797,33.707,30,8,152.954406738281,-27.095808772126855,POINT (152.954406738281 -27.09580877212685)
50861,362.537,473.69,1,1,153.432312011719,-28.190664425517756,POINT (153.432312011719 -28.19066442551776)
50949,114.581,21.085,10,3,143.879699707031,-37.642509742612695,POINT (143.879699707031 -37.6425097426127)
51211,101.704,18.876,46,4,153.1796264648435,-27.6373069931021,POINT (153.1796264648435 -27.6373069931021)
51426,142.016,107.251,2,2,122.3355102539065,-27.593500599340047,POINT (122.3355102539065 -27.59350059934005)
51438,207.031,38.605,12,4,146.758117675781,-19.272257962472302,POINT (146.758117675781 -19.2722579624723)
51442,131.179,28.264,9,3,144.3521118164065,-38.17127340729815,POINT (144.3521118164065 -38.17127340729815)
51696,182.588,120.693,1,1,145.2255249023435,-38.015640105551505,POINT (145.2255249023435 -38.0156401055515)
51783,122.363,71.395,6,2,148.3895874023435,-23.152987396782798,POINT (148.3895874023435 -23.1529873967828)
52013,100.452,24.81,39,14,152.8555297851565,-27.6567708754999,POINT (152.8555297851565 -27.6567708754999)
52092,109.209,3.394,2,2,145.198059082031,-37.798933433715604,POINT (145.198059082031 -37.7989334337156)
52235,135.077,27.041,18,6,144.363098144531,-38.09349818140365,POINT (144.363098144531 -38.09349818140365)
52291,134.908,26.193,3,3,143.835754394531,-37.577235759294204,POINT (143.835754394531 -37.5772357592942)
52485,111.594,26.089,67,13,115.7437133789065,-32.5537585867823,POINT (115.7437133789065 -32.5537585867823)
52762,153.391,30.659,25,7,144.3521118164065,-38.08052758740256,POINT (144.3521118164065 -38.08052758740256)
52997,104.323,28.965,47,10,144.890441894531,-37.616407023951496,POINT (144.890441894531 -37.6164070239515)
53179,114.579,22.797,88,9,150.932922363281,-33.936524031009455,POINT (150.932922363281 -33.93652403100945)
53505,106.392,18.168,45,14,150.9603881835935,-33.85445061534804,POINT (150.9603881835935 -33.85445061534804)
53544,121.061,78.065,8,6,150.8944702148435,-34.4091756498965,POINT (150.8944702148435 -34.4091756498965)
53548,165.748,145.305,2,1,114.809875488281,-28.504901947286097,POINT (114.809875488281 -28.5049019472861)
53646,108.075,34.949,14,7,144.35211181640653,-38.15831662546056,POINT (144.3521118164065 -38.15831662546056)
53697,110.83,29.318,16,4,152.85003662109347,-31.463810962912703,POINT (152.8500366210935 -31.4638109629127)
53763,104.3,18.781,11,6,143.830261230469,-37.533687951355596,POINT (143.830261230469 -37.5336879513556)
53804,113.195,27.396,4,3,143.81378173828102,-37.559819689969345,POINT (143.813781738281 -37.55981968996934)
53821,125.48,35.0,16,2,151.987609863281,-28.21002894033295,POINT (151.987609863281 -28.21002894033295)
54062,148.863,32.485,7,2,150.729675292969,-34.01851841284285,POINT (150.729675292969 -34.01851841284285)
54691,168.945,227.309,5,2,153.08624267578102,-27.452227634383654,POINT (153.086242675781 -27.45222763438365)
54930,211.97,25.024,25,2,118.62213134765652,-20.403846217324844,POINT (118.6221313476565 -20.40384621732484)
54944,114.354,99.806,5,4,153.10272216796903,-26.782395420498148,POINT (153.102722167969 -26.78239542049815)
55158,235.439,41.105,2,2,144.33563232421898,-38.16263580860375,POINT (144.335632324219 -38.16263580860375)
55202,124.328,19.584,32,8,115.749206542969,-32.410110298236546,POINT (115.749206542969 -32.41011029823655)
55570,108.001,24.848,12,8,144.32464599609347,-38.0978212013302,POINT (144.3246459960935 -38.0978212013302)
55757,145.509,102.386,6,2,151.5097045898435,-33.0984445012514,POINT (151.5097045898435 -33.0984445012514)
55797,100.323,23.433,36,13,145.104675292969,-37.7555155450018,POINT (145.104675292969 -37.7555155450018)
55894,253.13,29.457,16,1,150.954895019531,-33.67635419270875,POINT (150.954895019531 -33.67635419270875)
55956,104.823,83.486,6,5,152.8994750976565,-27.681095856455553,POINT (152.8994750976565 -27.68109585645555)
56259,107.708,15.356,11,5,150.81756591796903,-33.9501952522596,POINT (150.817565917969 -33.9501952522596)
56447,109.949,40.677,6,4,153.388366699219,-27.977423549154754,POINT (153.388366699219 -27.97742354915475)
56539,113.045,4.555,2,2,151.1856079101565,-33.73119250573289,POINT (151.1856079101565 -33.73119250573289)
56783,206.095,211.545,11,5,145.236511230469,-37.824971925182496,POINT (145.236511230469 -37.8249719251825)
56828,109.82,99.597,4,3,147.631530761719,-37.82931078093515,POINT (147.631530761719 -37.82931078093515)
56852,131.843,145.578,6,4,151.78985595703102,-27.549676693769,POINT (151.789855957031 -27.549676693769)
56928,184.323,28.175,104,15,138.6776733398435,-34.8340955702963,POINT (138.6776733398435 -34.8340955702963)
56958,281.314,17.262,4,2,151.520690917969,-32.8265190978512,POINT (151.520690917969 -32.8265190978512)
57074,144.175,21.682,4,3,145.0552368164065,-38.236022767684204,POINT (145.0552368164065 -38.2360227676842)
57250,204.375,41.571,1,1,144.3960571289065,-38.15399718646586,POINT (144.3960571289065 -38.15399718646586)
57587,104.658,55.213,1,1,147.0108032226565,-21.8283570077126,POINT (147.0108032226565 -21.8283570077126)
58273,284.033,13.307,1,1,151.322937011719,-33.479563064152,POINT (151.322937011719 -33.479563064152)
58388,107.509,23.094,5,4,144.884948730469,-37.633809855038,POINT (144.884948730469 -37.633809855038)
58435,118.597,119.82,4,2,150.998840332031,-33.93196646937485,POINT (150.998840332031 -33.93196646937485)
58766,275.16,32.665,11,1,150.5923461914065,-34.8971951387273,POINT (150.5923461914065 -34.8971951387273)
58797,124.0,31.677,43,3,153.2510375976565,-27.496090388250703,POINT (153.2510375976565 -27.4960903882507)
58902,173.196,37.258,15,3,145.236511230469,-38.10646647401555,POINT (145.236511230469 -38.10646647401555)
59060,230.652,44.409,7,3,150.70220947265653,-33.73119250573289,POINT (150.7022094726565 -33.73119250573289)
59065,263.233,93.849,3,2,128.72955322265648,-15.78432466278935,POINT (128.7295532226565 -15.78432466278935)
59180,120.811,21.645,21,9,130.9707641601565,-12.482168787854702,POINT (130.9707641601565 -12.4821687878547)
59348,100.479,21.816,9,6,143.874206542969,-37.55546503637645,POINT (143.874206542969 -37.55546503637645)
59421,168.435,25.922,6,2,152.75665283203102,-27.685960202786745,POINT (152.756652832031 -27.68596020278675)
59664,171.563,25.084,4,3,147.016296386719,-36.0424367040082,POINT (147.016296386719 -36.0424367040082)
59708,135.746,22.619,13,2,152.4819946289065,-31.898546270557247,POINT (152.4819946289065 -31.89854627055725)
59942,121.747,156.093,2,2,150.8560180664065,-34.000304273891246,POINT (150.8560180664065 -34.00030427389125)
59979,206.549,31.712,71,14,144.626770019531,-37.920367804027855,POINT (144.626770019531 -37.92036780402785)
60049,108.679,22.592,7,3,138.5458374023435,-35.265804397833804,POINT (138.5458374023435 -35.2658043978338)
60056,484.806,37.69,1,1,151.57012939453097,-32.74339238547825,POINT (151.570129394531 -32.74339238547825)
60067,106.927,99.206,2,2,153.152160644531,-27.427851895796096,POINT (153.152160644531 -27.4278518957961)
60193,180.9,20.349,2,2,144.3466186523435,-38.162635808603746,POINT (144.3466186523435 -38.16263580860375)
60319,150.169,30.539,9,4,144.423522949219,-38.028622202642055,POINT (144.423522949219 -38.02862220264205)
60411,133.877,24.78,15,6,147.3623657226565,-42.81353655341245,POINT (147.3623657226565 -42.81353655341245)
60579,174.106,24.724,39,4,150.96588134765648,-33.68549634250975,POINT (150.9658813476565 -33.68549634250975)
60694,451.418,41.299,1,1,143.85772705078097,-37.61205567958565,POINT (143.857727050781 -37.61205567958565)
60706,172.533,115.668,5,3,152.970886230469,-27.47172434728595,POINT (152.970886230469 -27.47172434728595)
60742,145.828,22.863,38,7,145.873718261719,-38.13239615404855,POINT (145.873718261719 -38.13239615404855)
60994,184.083,22.42,3,2,152.75115966796898,-27.622706808753797,POINT (152.751159667969 -27.6227068087538)
61329,167.925,29.862,5,3,144.6102905273435,-37.916034307845145,POINT (144.6102905273435 -37.91603430784514)
61337,134.391,23.217,17,12,151.1141967773435,-33.6809253891278,POINT (151.1141967773435 -33.6809253891278)
61368,135.542,95.723,9,7,145.220031738281,-37.9247010448852,POINT (145.220031738281 -37.9247010448852)
61497,100.323,72.113,5,4,150.9164428710935,-33.84532647231605,POINT (150.9164428710935 -33.84532647231605)
61524,138.454,43.812,71,2,150.7461547851565,-34.100433669195205,POINT (150.7461547851565 -34.1004336691952)
61808,116.443,113.233,10,1,150.691223144531,-33.7311925057329,POINT (150.691223144531 -33.7311925057329)
61819,128.825,67.371,2,2,146.401062011719,-38.223077502954,POINT (146.401062011719 -38.223077502954)
61822,179.149,17.563,10,1,115.990905761719,-31.973133846310898,POINT (115.990905761719 -31.9731338463109)
61836,152.478,22.58,2,2,146.7416381835935,-19.267072548499698,POINT (146.7416381835935 -19.2670725484997)
62009,119.872,19.675,46,10,149.0048217773435,-35.20298907461925,POINT (149.0048217773435 -35.20298907461925)
62040,135.769,28.678,11,3,138.754577636719,-34.59025853219935,POINT (138.754577636719 -34.59025853219935)
62324,132.03,74.832,7,4,150.83953857421903,-33.813384298674904,POINT (150.839538574219 -33.8133842986749)
62349,247.515,31.136,25,3,130.954284667969,-12.49825825920055,POINT (130.954284667969 -12.49825825920055)
62414,222.957,260.271,1,1,144.621276855469,-37.8770213541729,POINT (144.621276855469 -37.8770213541729)
62588,102.642,23.256,18,5,138.644714355469,-35.5344613030492,POINT (138.644714355469 -35.5344613030492)
62710,324.161,32.438,1,1,138.5018920898435,-35.19401148690555,POINT (138.5018920898435 -35.19401148690555)
62753,275.128,18.566,13,2,150.7901000976565,-33.9410813487123,POINT (150.7901000976565 -33.9410813487123)
62928,129.731,59.83,10,6,145.302429199219,-38.01996772679925,POINT (145.302429199219 -38.01996772679925)
62974,106.153,23.175,9,3,145.763854980469,-17.0961670197383,POINT (145.763854980469 -17.0961670197383)
63002,102.191,50.318,13,7,145.242004394531,-37.86834900115805,POINT (145.242004394531 -37.86834900115805)
63021,122.345,21.858,55,8,151.652526855469,-30.493651141720747,POINT (151.652526855469 -30.49365114172075)
63136,182.692,69.561,3,1,114.1397094726565,-21.955782980145752,POINT (114.1397094726565 -21.95578298014575)
63173,150.935,24.418,15,2,115.9140014648435,-32.066283142993655,POINT (115.9140014648435 -32.06628314299365)
63276,131.492,25.564,18,10,115.74920654296902,-32.55838858362275,POINT (115.749206542969 -32.55838858362275)
63475,305.387,36.119,3,2,144.357604980469,-38.2360227676842,POINT (144.357604980469 -38.2360227676842)
63531,118.171,99.513,8,6,144.9234008789065,-37.8249719251825,POINT (144.9234008789065 -37.8249719251825)
63612,181.956,66.347,1,1,149.059753417969,-35.4181532346035,POINT (149.059753417969 -35.4181532346035)
63626,148.708,45.892,5,4,115.859069824219,-31.786551524137952,POINT (115.859069824219 -31.78655152413795)
63764,125.188,34.772,6,4,144.429016113281,-37.6859938975509,POINT (144.429016113281 -37.6859938975509)
63819,185.834,200.067,5,5,138.622741699219,-34.81605823136125,POINT (138.622741699219 -34.81605823136125)
63841,110.197,38.829,1,1,144.30267333984347,-38.240337343900954,POINT (144.3026733398435 -38.24033734390095)
63845,203.211,24.623,4,4,143.8687133789065,-37.5772357592942,POINT (143.8687133789065 -37.5772357592942)
63854,138.361,28.647,10,1,145.154113769531,-37.503189346445694,POINT (145.154113769531 -37.50318934644569)
63884,178.381,27.714,3,2,150.597839355469,-34.892689632510894,POINT (150.597839355469 -34.89268963251089)
63912,112.307,5.032,1,1,153.2235717773435,-27.685960202786745,POINT (153.2235717773435 -27.68596020278675)
64261,157.298,70.367,2,2,150.8560180664065,-34.4590126459576,POINT (150.8560180664065 -34.4590126459576)
64359,116.346,10.345,1,1,115.82061767578101,-31.7445184625197,POINT (115.820617675781 -31.7445184625197)
64442,184.783,27.132,14,3,144.8080444335935,-37.86401244183379,POINT (144.8080444335935 -37.86401244183379)
64565,128.584,75.883,1,1,144.97833251953097,-37.824971925182496,POINT (144.978332519531 -37.8249719251825)
64640,117.673,30.462,13,9,144.54986572265653,-37.67295132590225,POINT (144.5498657226565 -37.67295132590225)
64654,111.126,116.084,7,1,143.8906860351565,-37.4421547492355,POINT (143.8906860351565 -37.4421547492355)
64716,196.08,29.461,27,3,153.2894897460935,-27.831789722899504,POINT (153.2894897460935 -27.8317897228995)
64866,113.064,16.852,27,3,150.30670166015648,-33.7129169581165,POINT (150.3067016601565 -33.7129169581165)
65177,205.086,17.951,1,1,115.74371337890649,-32.410110298236546,POINT (115.7437133789065 -32.41011029823655)
65186,112.644,4.802,1,1,151.240539550781,-33.845326472316046,POINT (151.240539550781 -33.84532647231605)
65217,104.362,41.975,4,4,153.108215332031,-27.885211550697804,POINT (153.108215332031 -27.8852115506978)
65271,373.957,407.858,1,1,149.0707397460935,-33.25936008484675,POINT (149.0707397460935 -33.25936008484675)
65324,130.78,29.849,11,4,150.8120727539065,-33.62605499627994,POINT (150.8120727539065 -33.62605499627994)
65330,332.557,329.228,3,2,151.213073730469,-33.972975741218754,POINT (151.213073730469 -33.97297574121875)
65436,114.131,5.138,1,1,152.99285888671898,-27.539935671814597,POINT (152.992858886719 -27.5399356718146)
65548,109.464,112.063,2,2,150.839538574219,-33.808820156871505,POINT (150.839538574219 -33.8088201568715)
65707,104.954,29.504,7,4,149.16412353515648,-21.107562578265,POINT (149.1641235351565 -21.107562578265)
65717,119.413,23.516,6,4,147.1810913085935,-41.45713695025925,POINT (147.1810913085935 -41.45713695025925)
65794,261.627,39.531,2,2,143.8412475585935,-37.61205567958565,POINT (143.8412475585935 -37.61205567958565)
65870,104.168,5.494,2,1,153.02032470703102,-27.50096294949805,POINT (153.020324707031 -27.50096294949805)
65913,188.405,94.296,1,1,153.1411743164065,-27.5107074248416,POINT (153.1411743164065 -27.5107074248416)
66036,125.939,113.385,13,2,153.43231201171903,-28.185822748548144,POINT (153.432312011719 -28.18582274854814)
66054,153.237,78.904,1,1,150.8724975585935,-33.7996911428192,POINT (150.8724975585935 -33.7996911428192)
66189,114.22,4.696,1,1,153.234558105469,-27.466850492327396,POINT (153.234558105469 -27.4668504923274)
66355,113.332,106.705,4,2,149.1641235351565,-35.32857106019651,POINT (149.1641235351565 -35.32857106019651)
66408,322.536,221.521,1,1,153.0917358398435,-27.427851895796103,POINT (153.0917358398435 -27.4278518957961)
66452,167.371,175.539,5,1,152.8994750976565,-26.73334602128455,POINT (152.8994750976565 -26.73334602128455)
66467,108.096,19.175,19,3,145.4067993164065,-36.3837016024912,POINT (145.4067993164065 -36.3837016024912)
66575,211.228,173.2,28,8,122.3519897460935,-29.80966760887375,POINT (122.3519897460935 -29.80966760887375)
66697,321.617,29.826,11,1,152.4325561523435,-31.86122979641675,POINT (152.4325561523435 -31.86122979641675)
66849,104.08,122.066,11,1,138.007507324219,-33.18123799475855,POINT (138.007507324219 -33.18123799475855)
66987,111.072,141.657,7,5,145.1431274414065,-37.9939981664333,POINT (145.1431274414065 -37.9939981664333)
66997,160.243,28.487,4,3,115.7437133789065,-32.48427998076615,POINT (115.7437133789065 -32.48427998076615)
67003,202.081,32.982,5,1,146.3681030273435,-38.253279536341246,POINT (146.3681030273435 -38.25327953634125)
67120,264.013,17.278,18,2,152.4600219726565,-31.898546270557247,POINT (152.4600219726565 -31.89854627055725)
67185,321.229,40.487,5,1,144.6157836914065,-37.916034307845145,POINT (144.6157836914065 -37.91603430784514)
67220,120.394,167.879,4,1,116.672058105469,-31.651043344820398,POINT (116.672058105469 -31.6510433448204)
67257,233.962,37.751,2,2,147.2909545898435,-42.97853012281095,POINT (147.2909545898435 -42.97853012281095)
67500,117.343,33.879,7,2,145.3408813476565,-36.388123817506504,POINT (145.3408813476565 -36.3881238175065)
67518,175.911,18.16,3,1,150.8560180664065,-33.66721107082395,POINT (150.8560180664065 -33.66721107082395)
67604,218.055,37.84,1,1,144.36859130859347,-38.07620354469335,POINT (144.3685913085935 -38.07620354469335)
67995,273.389,26.73,2,1,130.932312011719,-12.48753205616705,POINT (130.932312011719 -12.48753205616705)
68100,271.821,41.363,27,7,144.934387207031,-37.55546503637645,POINT (144.934387207031 -37.55546503637645)
68114,242.416,37.99,1,1,146.30218505859347,-38.2834690229567,POINT (146.3021850585935 -38.2834690229567)
68301,293.637,278.538,1,1,115.88653564453098,-31.99643004760405,POINT (115.886535644531 -31.99643004760405)
68442,278.872,38.741,62,2,150.795593261719,-34.4861839325646,POINT (150.795593261719 -34.4861839325646)
68558,105.351,26.571,4,2,150.619812011719,-34.9107101745992,POINT (150.619812011719 -34.9107101745992)
68763,108.009,143.843,2,2,115.990905761719,-32.2708777728481,POINT (115.990905761719 -32.2708777728481)
68766,172.043,18.665,6,4,145.7528686523435,-16.9333326008151,POINT (145.7528686523435 -16.9333326008151)
68797,100.426,30.502,27,4,150.74066162109347,-34.073137381091854,POINT (150.7406616210935 -34.07313738109185)
68804,137.906,193.513,2,1,144.7640991210935,-37.820632814320454,POINT (144.7640991210935 -37.82063281432045)
68820,348.1,46.443,1,1,151.2240600585935,-33.8954971966502,POINT (151.2240600585935 -33.8954971966502)
68832,110.932,27.251,95,9,145.346374511719,-36.3881238175065,POINT (145.346374511719 -36.3881238175065)
68836,100.276,21.798,8,4,144.692687988281,-37.56417408906785,POINT (144.692687988281 -37.56417408906785)
68897,123.035,110.502,22,5,144.7640991210935,-37.80327381997615,POINT (144.7640991210935 -37.80327381997615)
68952,183.028,24.095,20,2,152.795104980469,-27.651905229626898,POINT (152.795104980469 -27.6519052296269)
69043,107.729,18.821,1,1,144.912414550781,-37.55546503637645,POINT (144.912414550781 -37.55546503637645)
69102,111.194,4.951,1,1,153.2290649414065,-27.710278683745454,POINT (153.2290649414065 -27.71027868374545)
69160,142.437,34.769,1,1,149.15313720703102,-35.2209412730153,POINT (149.153137207031 -35.2209412730153)
69214,165.728,147.307,5,1,121.000671386719,-28.180980852321504,POINT (121.000671386719 -28.1809808523215)
69305,161.143,104.093,1,1,150.3671264648435,-35.5165787077744,POINT (150.3671264648435 -35.5165787077744)
69399,153.722,183.335,2,1,140.7266235351565,-36.94769676088335,POINT (140.7266235351565 -36.94769676088335)
69428,160.653,36.991,1,1,146.31317138671903,-38.3179559259202,POINT (146.313171386719 -38.3179559259202)
69445,166.492,172.083,7,1,140.53436279296903,-34.273105624646945,POINT (140.534362792969 -34.27310562464694)
69598,105.888,41.936,3,1,138.606262207031,-35.0007535477115,POINT (138.606262207031 -35.0007535477115)
69674,205.018,20.164,6,4,143.879699707031,-37.65990646141826,POINT (143.879699707031 -37.65990646141826)
69803,197.715,37.671,2,2,146.999816894531,-36.033552862083845,POINT (146.999816894531 -36.03355286208384)
69883,201.554,29.36,47,5,149.1146850585935,-33.25476659912875,POINT (149.1146850585935 -33.25476659912875)
69939,146.548,83.047,14,5,145.1870727539065,-37.9983270652755,POINT (145.1870727539065 -37.9983270652755)
70029,149.263,95.189,11,11,151.1636352539065,-33.936524031009455,POINT (151.1636352539065 -33.93652403100945)
70349,160.66,23.094,47,2,145.5606079101565,-38.270532208092845,POINT (145.5606079101565 -38.27053220809285)
70350,123.178,35.608,4,1,146.2857055664065,-38.2834690229567,POINT (146.2857055664065 -38.2834690229567)
70425,145.39,28.73,7,5,152.95989990234347,-27.09091839733585,POINT (152.9598999023435 -27.09091839733585)
70456,218.23,29.476,3,2,143.8412475585935,-37.546754965748455,POINT (143.8412475585935 -37.54675496574846)
70466,108.029,18.028,1,1,144.9673461914065,-37.84232581743795,POINT (144.9673461914065 -37.84232581743795)
70499,114.058,4.856,1,1,153.20159912109352,-27.466850492327396,POINT (153.2015991210935 -27.4668504923274)
70538,102.137,37.286,1,1,149.131164550781,-35.23440281647455,POINT (149.131164550781 -35.23440281647455)
70597,101.619,73.895,27,7,138.518371582031,-34.87917163128485,POINT (138.518371582031 -34.87917163128485)
70723,223.406,31.201,8,4,144.379577636719,-38.175591822830505,POINT (144.379577636719 -38.1755918228305)
70763,151.865,29.166,4,1,146.33514404296898,-38.31364595963475,POINT (146.335144042969 -38.31364595963475)
70818,107.482,18.773,1,1,151.3339233398435,-33.456651271602304,POINT (151.3339233398435 -33.4566512716023)
70820,100.877,26.717,14,6,144.5718383789065,-37.720762877124905,POINT (144.5718383789065 -37.7207628771249)
70951,116.402,30.794,9,1,148.87847900390648,-21.158799783458296,POINT (148.8784790039065 -21.1587997834583)
70972,172.158,173.685,4,3,144.8519897460935,-37.69468767138464,POINT (144.8519897460935 -37.69468767138464)
70990,127.948,154.589,1,1,150.37261962890653,-35.5165787077744,POINT (150.3726196289065 -35.5165787077744)
70995,102.001,18.296,1,1,153.3554077148435,-27.89492178098545,POINT (153.3554077148435 -27.89492178098545)
71131,146.195,121.771,2,2,150.8340454101565,-33.8133842986749,POINT (150.8340454101565 -33.8133842986749)
71152,122.977,30.96,4,3,130.93231201171903,-12.444622800321499,POINT (130.932312011719 -12.4446228003215)
71214,148.478,121.086,2,2,149.1641235351565,-35.31960737480735,POINT (149.1641235351565 -35.31960737480735)
71219,272.406,231.534,1,1,145.2090454101565,-38.045928087448445,POINT (145.2090454101565 -38.04592808744844)
71633,132.467,69.579,1,1,119.50653076171899,-31.46849634989435,POINT (119.506530761719 -31.46849634989435)
71797,465.209,46.743,1,1,115.903015136719,-31.949831730847798,POINT (115.903015136719 -31.9498317308478)
71823,129.453,29.569,5,2,148.66424560546903,-20.295689508118695,POINT (148.664245605469 -20.29568950811869)
71832,143.007,33.904,1,1,149.153137207031,-35.2164535955798,POINT (149.153137207031 -35.2164535955798)
71848,133.447,19.588,58,17,145.1815795898435,-38.36534864420214,POINT (145.1815795898435 -38.36534864420214)
71852,246.43,217.084,6,4,153.102722167969,-27.432727474261455,POINT (153.102722167969 -27.43272747426145)
71946,114.703,114.212,3,3,145.110168457031,-37.981009937005254,POINT (145.110168457031 -37.98100993700525)
71954,228.805,32.059,1,1,149.153137207031,-35.225428702318794,POINT (149.153137207031 -35.22542870231879)
72083,290.623,35.081,4,1,115.06256103515649,-33.5528400806335,POINT (115.0625610351565 -33.5528400806335)
72424,125.819,63.521,5,2,152.8939819335935,-27.676231293470448,POINT (152.8939819335935 -27.67623129347045)
72587,154.089,46.133,5,1,151.8173217773435,-32.8126700409274,POINT (151.8173217773435 -32.8126700409274)
72704,103.594,23.333,23,5,148.1698608398435,-23.55643421909225,POINT (148.1698608398435 -23.55643421909225)
72895,114.982,18.424,2,1,153.4213256835935,-27.93375398953155,POINT (153.4213256835935 -27.93375398953155)
73062,108.086,17.44,1,1,150.7626342773435,-34.481655999184,POINT (150.7626342773435 -34.481655999184)
73298,102.076,18.783,2,1,153.3609008789065,-27.8657884777463,POINT (153.3609008789065 -27.8657884777463)
73300,124.174,17.681,2,2,147.433776855469,-35.12664796046545,POINT (147.433776855469 -35.12664796046545)
73396,102.825,51.499,4,4,152.9873657226565,-27.115368135517453,POINT (152.9873657226565 -27.11536813551745)
73403,126.667,31.209,2,1,145.1596069335935,-37.498831385363346,POINT (145.1596069335935 -37.49883138536335)
73527,103.288,5.828,1,1,145.104675292969,-37.97234984006504,POINT (145.104675292969 -37.97234984006504)
73561,459.013,45.457,3,1,145.06622314453097,-38.201496942027646,POINT (145.066223144531 -38.20149694202765)
73608,120.808,24.879,15,4,144.3685913085935,-38.1669547358861,POINT (144.3685913085935 -38.1669547358861)
73613,200.319,31.02,10,3,137.831726074219,-32.502812860581855,POINT (137.831726074219 -32.50281286058186)
73663,195.358,39.569,2,1,147.439270019531,-35.1311405976318,POINT (147.439270019531 -35.1311405976318)
73668,232.162,23.302,1,1,153.014831542969,-27.603236867531244,POINT (153.014831542969 -27.60323686753124)
73828,114.049,4.614,1,1,151.1856079101565,-33.71748620978615,POINT (151.1856079101565 -33.71748620978615)
73839,269.726,243.464,3,3,151.1636352539065,-33.93196646937485,POINT (151.1636352539065 -33.93196646937485)
73972,410.16,521.442,1,1,139.5181274414065,-35.310642695681594,POINT (139.5181274414065 -35.31064269568159)
74029,235.529,31.38,5,1,138.666687011719,-35.5344613030492,POINT (138.666687011719 -35.5344613030492)
74097,145.702,30.88,7,3,151.0537719726565,-33.8909374403408,POINT (151.0537719726565 -33.8909374403408)
74100,209.127,37.425,1,1,147.5381469726565,-42.79338518834365,POINT (147.5381469726565 -42.79338518834365)
74184,107.692,20.063,13,4,146.2417602539065,-38.175591822830505,POINT (146.2417602539065 -38.1755918228305)
74212,200.343,30.137,1,1,151.943664550781,-28.66408119670305,POINT (151.943664550781 -28.66408119670305)
74295,149.678,181.289,1,1,145.154113769531,-37.920367804027855,POINT (145.154113769531 -37.92036780402785)
74541,194.421,28.122,15,2,151.6854858398435,-30.522047271336703,POINT (151.6854858398435 -30.5220472713367)
74619,136.796,32.504,1,1,144.3466186523435,-38.11078872675545,POINT (144.3466186523435 -38.11078872675545)
74757,115.866,34.477,23,8,152.8500366210935,-27.651905229626895,POINT (152.8500366210935 -27.65190522962689)
74798,191.415,219.54,1,1,148.142395019531,-36.22433445393095,POINT (148.142395019531 -36.22433445393095)
74799,155.7,18.839,3,2,150.949401855469,-33.7768643475017,POINT (150.949401855469 -33.7768643475017)
74832,103.215,33.258,2,1,146.291198730469,-38.283469022956695,POINT (146.291198730469 -38.28346902295669)
74923,203.653,16.013,6,1,149.21356201171903,-35.36889534403175,POINT (149.213562011719 -35.36889534403175)
74967,165.166,98.579,1,1,153.15216064453097,-27.510707424841595,POINT (153.152160644531 -27.51070742484159)
75403,108.354,18.425,1,1,147.13714599609352,-41.41183569834345,POINT (147.1371459960935 -41.41183569834345)
75483,119.924,29.265,4,4,144.3246459960935,-38.149677491629,POINT (144.3246459960935 -38.149677491629)
75498,194.061,39.484,6,1,146.40655517578097,-38.30933573716385,POINT (146.406555175781 -38.30933573716385)
75597,113.003,22.448,8,3,150.7681274414065,-23.1681387452074,POINT (150.7681274414065 -23.1681387452074)
75603,101.082,18.242,1,1,150.713195800781,-34.19135770865165,POINT (150.713195800781 -34.19135770865165)
75662,124.614,19.614,2,2,147.13165283203102,-41.42831253886275,POINT (147.131652832031 -41.42831253886275)
75780,163.971,40.833,1,1,151.8173217773435,-32.8172866331128,POINT (151.8173217773435 -32.8172866331128)
75935,101.279,18.977,7,2,131.0147094726565,-12.508984017147897,POINT (131.0147094726565 -12.5089840171479)
75990,202.394,23.716,2,2,147.257995605469,-42.79338518834365,POINT (147.257995605469 -42.79338518834365)
76002,267.701,19.257,1,1,146.71417236328097,-19.2618869704805,POINT (146.714172363281 -19.2618869704805)
76034,102.36,79.241,7,3,150.949401855469,-33.740328820318,POINT (150.949401855469 -33.740328820318)
76065,249.893,36.141,16,2,151.4437866210935,-33.37411869037705,POINT (151.4437866210935 -33.37411869037705)
76092,239.003,16.251,1,1,147.3348999023435,-43.006655633123245,POINT (147.3348999023435 -43.00665563312324)
76283,100.238,23.139,1,1,144.8080444335935,-37.816293448358905,POINT (144.8080444335935 -37.81629344835891)
76356,100.93,37.832,10,4,152.800598144531,-27.598368841545994,POINT (152.800598144531 -27.59836884154599)
76362,142.098,21.594,8,3,145.8242797851565,-41.03585887884195,POINT (145.8242797851565 -41.03585887884195)
76462,269.372,39.733,1,1,152.6962280273435,-25.549875657884353,POINT (152.6962280273435 -25.54987565788435)
76531,140.251,34.771,2,1,146.3461303710935,-38.292092285608646,POINT (146.3461303710935 -38.29209228560865)
76572,145.886,87.623,1,1,145.54962158203102,-38.09349818140365,POINT (145.549621582031 -38.09349818140365)
76656,126.166,12.706,2,2,145.192565917969,-38.3610414965603,POINT (145.192565917969 -38.3610414965603)
76953,108.37,18.721,1,1,147.1426391601565,-41.41183569834345,POINT (147.1426391601565 -41.41183569834345)
76995,490.861,40.212,2,1,138.496398925781,-35.1625821170903,POINT (138.496398925781 -35.1625821170903)
77097,227.05,33.795,13,1,153.0038452148435,-27.61783964790695,POINT (153.0038452148435 -27.61783964790695)
77288,232.764,87.704,1,1,114.63409423828101,-28.741172176838194,POINT (114.634094238281 -28.74117217683819)
77398,138.607,132.948,1,1,116.0897827148435,-31.907873026822404,POINT (116.0897827148435 -31.9078730268224)
77415,195.354,210.705,1,1,144.3685913085935,-38.339501914244494,POINT (144.3685913085935 -38.33950191424449)
77435,119.172,97.77,2,1,150.867004394531,-33.790561154945905,POINT (150.867004394531 -33.79056115494591)
78084,111.707,24.812,18,7,146.67572021484352,-19.2048347958621,POINT (146.6757202148435 -19.2048347958621)
78185,565.112,45.443,2,1,144.621276855469,-37.920367804027855,POINT (144.621276855469 -37.92036780402785)
78427,215.833,36.876,14,3,138.820495605469,-34.4590126459576,POINT (138.820495605469 -34.4590126459576)
78446,143.485,42.72,4,1,148.6312866210935,-36.40581016228115,POINT (148.6312866210935 -36.40581016228115)
78669,139.061,19.519,2,2,150.1913452148435,-26.64500380142775,POINT (150.1913452148435 -26.64500380142775)
79251,111.819,112.822,1,1,144.890441894531,-38.4600410336588,POINT (144.890441894531 -38.4600410336588)
79353,116.939,118.197,1,1,153.25653076171898,-27.72486717084905,POINT (153.256530761719 -27.72486717084905)
79355,332.575,189.423,3,1,144.3685913085935,-38.223077502954,POINT (144.3685913085935 -38.223077502954)
79564,207.566,33.85,17,1,147.323913574219,-42.97049189865315,POINT (147.323913574219 -42.97049189865315)
79750,219.29,23.137,1,1,115.8975219726565,-32.60467541067265,POINT (115.8975219726565 -32.60467541067265)
79838,198.925,33.64,3,3,146.824035644531,-19.272257962472302,POINT (146.824035644531 -19.2722579624723)
80105,214.253,239.634,2,1,138.5733032226565,-34.8431127583069,POINT (138.5733032226565 -34.8431127583069)
80253,322.952,39.258,1,1,152.514953613281,-31.940509229222094,POINT (152.514953613281 -31.94050922922209)
80268,105.239,32.523,1,1,117.638854980469,-34.65354455200655,POINT (117.638854980469 -34.65354455200655)
80404,177.878,6.705,206,2,151.3174438476565,-33.48414469577175,POINT (151.3174438476565 -33.48414469577175)
80413,107.059,104.884,4,3,122.29705810546902,-29.78583318324975,POINT (122.297058105469 -29.78583318324975)
80467,237.435,187.914,4,1,149.175109863281,-35.333052530205755,POINT (149.175109863281 -35.33305253020576)
80468,113.474,26.707,11,4,144.37957763671898,-38.06755469226865,POINT (144.379577636719 -38.06755469226865)
80735,124.388,146.214,4,1,147.829284667969,-21.34310668411765,POINT (147.829284667969 -21.34310668411765)
81106,135.029,17.655,1,1,152.6577758789065,-25.574653038458646,POINT (152.6577758789065 -25.57465303845865)
81227,101.213,18.576,1,1,150.8065795898435,-33.927408663824295,POINT (150.8065795898435 -33.92740866382429)
81447,304.781,38.476,5,1,152.4160766601565,-31.940509229222105,POINT (152.4160766601565 -31.9405092292221)
81479,105.195,16.109,4,1,150.89996337890653,-33.68549634250975,POINT (150.8999633789065 -33.68549634250975)
81524,107.647,20.944,4,3,151.652526855469,-30.498384405816,POINT (151.652526855469 -30.498384405816)
81627,165.057,33.835,2,1,152.90496826171898,-27.642173288402503,POINT (152.904968261719 -27.6421732884025)
81773,103.324,24.589,2,1,153.2235717773435,-29.49459696569225,POINT (153.2235717773435 -29.49459696569225)
81861,134.974,16.492,4,1,153.168640136719,-27.85121888799475,POINT (153.168640136719 -27.85121888799475)
81909,178.186,6.59,5,1,149.021301269531,-21.194655280948048,POINT (149.021301269531 -21.19465528094805)
82104,331.999,37.927,6,1,147.329406738281,-35.14910866761289,POINT (147.329406738281 -35.14910866761289)
82505,225.924,290.932,2,2,153.23455810546903,-27.681095856455556,POINT (153.234558105469 -27.68109585645556)
82888,254.86,43.811,3,1,147.1151733398435,-41.481833397408344,POINT (147.1151733398435 -41.48183339740834)
83009,198.396,25.539,5,1,115.94146728515649,-31.87988992299985,POINT (115.9414672851565 -31.87988992299985)
83229,109.733,99.48,2,1,139.479675292969,-20.74840869149005,POINT (139.479675292969 -20.74840869149005)
83302,106.94,57.693,1,1,144.934387207031,-37.5685282336617,POINT (144.934387207031 -37.5685282336617)
83359,143.511,36.742,4,1,143.874206542969,-37.61205567958565,POINT (143.874206542969 -37.61205567958565)
83421,260.907,40.832,4,1,145.57159423828102,-38.27484473582,POINT (145.571594238281 -38.27484473582)
83669,505.843,43.052,3,1,138.584289550781,-35.5791503536424,POINT (138.584289550781 -35.5791503536424)
83984,248.417,25.241,1,1,149.504699707031,-22.0169069358999,POINT (149.504699707031 -22.0169069358999)
84285,113.029,4.92,7,1,150.9658813476565,-33.954751838072546,POINT (150.9658813476565 -33.95475183807255)
84586,272.886,40.498,2,2,137.7822875976565,-32.4935468979313,POINT (137.7822875976565 -32.4935468979313)
84692,101.391,18.972,1,1,145.110168457031,-37.989669012101096,POINT (145.110168457031 -37.9896690121011)
84994,104.897,29.531,3,1,115.79864501953098,-32.23835937601925,POINT (115.798645019531 -32.23835937601925)
85876,111.491,111.388,1,1,149.7354125976565,-34.80703808066755,POINT (149.7354125976565 -34.80703808066755)
85912,204.932,24.251,2,1,135.9146118164065,-21.80795829496485,POINT (135.9146118164065 -21.80795829496485)
85967,101.712,19.96,1,1,116.00738525390649,-32.08955566415919,POINT (116.0073852539065 -32.08955566415919)
86090,231.296,123.888,1,1,144.7695922851565,-37.84232581743795,POINT (144.7695922851565 -37.84232581743795)
86215,235.201,89.056,1,1,151.60858154296903,-32.71566622576755,POINT (151.608581542969 -32.71566622576755)
86380,136.909,155.785,1,1,150.88348388671898,-33.7996911428192,POINT (150.883483886719 -33.7996911428192)
86744,101.52,18.927,2,1,150.8560180664065,-33.8362013548249,POINT (150.8560180664065 -33.8362013548249)
86828,139.03,56.826,2,1,114.62310791015652,-28.664081196703048,POINT (114.6231079101565 -28.66408119670305)
86851,461.239,47.046,1,1,138.6776733398435,-34.779971705067396,POINT (138.6776733398435 -34.7799717050674)
86892,109.548,137.349,1,1,147.834777832031,-21.26634016790275,POINT (147.834777832031 -21.26634016790275)
87008,724.326,43.136,1,1,145.4013061523435,-36.352739055931195,POINT (145.4013061523435 -36.3527390559312)
87557,501.795,9.195,1,1,149.021301269531,-21.1587997834583,POINT (149.021301269531 -21.1587997834583)
87657,143.456,180.504,1,1,147.060241699219,-43.010672512436194,POINT (147.060241699219 -43.01067251243619)
87837,409.213,45.455,2,1,145.45623779296903,-38.08917490576721,POINT (145.456237792969 -38.08917490576721)
87896,122.303,16.308,1,1,145.835266113281,-41.040002235683154,POINT (145.835266113281 -41.04000223568315)
88078,119.338,36.518,1,1,144.9453735351565,-37.599000118825195,POINT (144.9453735351565 -37.5990001188252)
88369,133.141,42.378,1,1,116.1337280273435,-31.77254262518705,POINT (116.1337280273435 -31.77254262518705)
88408,121.796,23.417,3,1,138.64471435546898,-34.766435186003896,POINT (138.644714355469 -34.7664351860039)
